href,title
https://shop.alphacomm.com/Shop-By-Category/Audio/Audio-Adapters,
https://shop.alphacomm.com/Shop-By-Category/Audio/In-Ear-Wired,
https://shop.alphacomm.com/Shop-By-Category/Audio/In-Ear-Wireless,
https://shop.alphacomm.com/Shop-By-Category/Audio/Over-Ear-wireless,
https://shop.alphacomm.com/Shop-By-Category/Audio/True-Wireless,
https://shop.alphacomm.com/Shop-By-Category/Audio/Speakers,
https://shop.alphacomm.com/Shop-By-Category/Charging/cables,
https://shop.alphacomm.com/Shop-By-Category/Charging/Car-Chargers,
https://shop.alphacomm.com/Shop-By-Category/Charging/Portable-Power,
https://shop.alphacomm.com/Shop-By-Category/Charging/Wall-Chargers,
https://shop.alphacomm.com/Shop-By-Category/Charging/Wireless-Charging,
https://shop.alphacomm.com/Shop-By-Category/Memory/Memory-Cards,
https://shop.alphacomm.com/Shop-By-Category/Screen-Care/Liquid-Glass,
https://shop.alphacomm.com/Shop-By-Category/Screen-Care/Film,
https://shop.alphacomm.com/Shop-By-Category/Screen-Care/Tempered-Glass,
https://shop.alphacomm.com/Shop-By-Category/Attachables/AirPod-Cases,
https://shop.alphacomm.com/Shop-By-Category/Attachables/Crossbody,
https://shop.alphacomm.com/Shop-By-Category/Attachables/Lanyard,
https://shop.alphacomm.com/Shop-By-Category/Attachables/Phone-Grips,
https://shop.alphacomm.com/Shop-By-Category/Attachables/Mounts,
